<?xml version="1.0"?>

<odoo>
    <data noupdate="1">
    <record id="expense_request_code_seq" model="ir.sequence">
        <field name="name">Expense Request Code</field>
        <field name="code">expense.request.code</field>
        <field name="padding">6</field>
        <field name="prefix">NOTE:%(y)s/%(month)s-</field>
        <field name="active">TRUE</field>
        <!--<field name="range_reset">monthly</field>-->
        <field eval="1" name="number_next"/>
        <field eval="1" name="number_increment"/>
        <field eval="True" name="use_date_range"/>
        <field name="company_id" eval="True" />
        <field name='implementation'>standard</field>
    </record>
    </data>    
</odoo>